{"cameraMode":{"drawMode":0,"name":"Shaded","section":"Shading Mode"},"sceneLighting":true,"audioPlay":false,"sceneViewState":{"m_AlwaysRefresh":false,"showFog":true,"showSkybox":true,"showFlares":true,"showImageEffects":true,"showParticleSystems":true,"showVisualEffectGraphs":true,"m_FxEnabled":true},"in2DMode":false,"pivot":{"x":-188.28253173828126,"y":0.0000152587890625,"z":-649.201904296875},"rotation":{"x":0.0954628437757492,"y":0.048364315181970599,"z":-0.004643616732209921,"w":0.994378387928009},"size":11.292596817016602,"orthographic":false}